,avg_ms,completed,cpu_idle-avg,cpu_io_wait-avg,cpu_krn-avg,cpu_percent,cpu_sint_time-avg,cpu_time-avg,cpu_usr-avg,drm-avg,dsr-avg,dsreads-avg,dsw-avg,dswrites-avg,dwm-avg,elapsed,failed,inv_priority,loadavg-avg,max_ms,mem_used_bytes-avg,mem_used_pct-avg,min_ms,nbr-avg,nbs-avg,num_of_clients,package_cpu_percent_limit,package_device_read_bps,package_device_read_iops,package_device_write_bps,package_device_write_iops,package_mem_limit,package_name,package_post_delay,package_test_url,readtime-avg,rps,success_ratio,total_mb,writetime-avg
0,322.89873656406195,186.0,736.1818181818181,0.18181818181818182,15.545454545454545,26.537275530564123,133585.63636363635,1002.3636363636364,233.36363636363637,0.0,0.0,0.0,32.0,2.4545454545454546,0.31613799420195204,70.3661539554596,0.0,1.739642052476381,0.08333333333333333,411.9541645050049,745020074.6666666,0.18010833333333331,232.44380950927734,35395.818181818184,11849.727272727272,1.0,50,"[{'Path': '/dev/sda', 'Rate': 7497318}]",[],"[{'Path': '/dev/sda', 'Rate': 7497318}]",[],512m,nimamahmoudi/cpu-automated,30,http://10.2.6.171/linpack,0.0,2.6433162755738273,1.0,0.15882492065429688,3.272727272727273
1,642.6224492965861,188.0,736.3636363636364,0.36363636363636365,16.636363636363637,26.520990116964366,133871.54545454544,1002.6363636363636,229.45454545454547,0.0,0.0,0.0,30.545454545454547,2.1818181818181817,0.3153141694191113,70.87337017059326,0.0,3.4200853709648316,0.4166666666666667,756.1435699462891,744342528.0,0.1799333333333333,591.7162895202637,35385.454545454544,11702.636363636364,2.0,50,"[{'Path': '/dev/sda', 'Rate': 7497318}]",[],"[{'Path': '/dev/sda', 'Rate': 7497318}]",[],512m,nimamahmoudi/cpu-automated,30,http://10.2.6.171/linpack,0.0,2.6526183183822245,1.0,0.16053485870361328,4.363636363636363
2,955.0065716738424,189.0,734.6,2.0,16.2,26.713759824893046,134043.4,1005.1,223.1,0.0,0.0,0.0,25.6,2.2,0.2902289864567307,70.90134119987488,0.0,5.053155910041157,0.18181818181818182,1186.7122650146484,744655406.5454545,0.1800272727272727,809.8540306091309,35365.7,11787.5,3.0,50,"[{'Path': '/dev/sda', 'Rate': 7497318}]",[],"[{'Path': '/dev/sda', 'Rate': 7497318}]",[],512m,nimamahmoudi/cpu-automated,30,http://10.2.6.171/linpack,0.0,2.6656759491643234,1.0,0.1613941192626953,14.4
3,176.63975112578447,340.0,547.9090909090909,356.90909090909093,44.90909090909091,9.690590690499953,133961.45454545456,1001.9090909090909,26.09090909090909,0.0,0.0,0.0,77392.72727272728,2341.181818181818,106.78434170516061,70.27593088150024,0.0,0.5219463732075716,0.16666666666666666,370.84102630615234,744279722.6666666,0.17991666666666664,99.97296333312988,75816.09090909091,15877.636363636364,1.0,50,"[{'Path': '/dev/sda', 'Rate': 7497318}]",[],"[{'Path': '/dev/sda', 'Rate': 7497318}]",[],512m,nimamahmoudi/fileio-automated,60,http://10.2.6.171/fileio,0.0,4.83807180830248,1.0,0.4321107864379883,1516.3636363636363
4,523.9349980285202,345.0,513.7,392.3,43.9,9.823828008360703,134038.5,1004.7,25.9,0.0,0.0,0.0,78584.0,2377.4,108.76655190840475,70.84364771842957,0.0,1.52002628236173,0.18181818181818182,613.9216423034668,744261073.4545455,0.1799272727272727,410.61997413635254,77131.6,17033.0,3.0,50,"[{'Path': '/dev/sda', 'Rate': 7497318}]",[],"[{'Path': '/dev/sda', 'Rate': 7497318}]",[],512m,nimamahmoudi/fileio-automated,60,http://10.2.6.171/fileio,0.0,4.86987910858591,1.0,0.4384584426879883,1528.8
5,875.6847844607588,345.0,514.3636363636364,386.90909090909093,46.0,10.499232644217745,134407.81818181818,1007.0,26.0,0.0,0.0,0.0,78189.09090909091,2365.3636363636365,107.90663799683095,71.28890585899353,0.0,2.5385693823649027,0.16666666666666666,1003.7739276885986,744364032.0,0.17994999999999997,793.8747406005859,76614.0,16735.454545454544,5.0,50,"[{'Path': '/dev/sda', 'Rate': 7497318}]",[],"[{'Path': '/dev/sda', 'Rate': 7497318}]",[],512m,nimamahmoudi/fileio-automated,60,http://10.2.6.171/fileio,0.0,4.8394626883795295,1.0,0.43845558166503906,1545.4545454545455
6,167.60849553113542,358.0,667.0909090909091,53.0,90.0909090909091,28.21279680986043,135132.36363636365,1003.0909090909091,138.1818181818182,0.0,5.818181818181818,0.18181818181818182,12535.272727272728,978.4545454545455,69.45418876864265,70.38919973373413,0.0,0.47050163400565864,0.3333333333333333,374.56345558166504,1044631552.0,0.25254166666666666,98.97089004516602,85199.18181818182,17184.727272727272,1.0,50,"[{'Path': '/dev/sda', 'Rate': 7497318}]",[],"[{'Path': '/dev/sda', 'Rate': 7497318}]",[],512m,nimamahmoudi/oltp-automated,300,http://10.2.6.171/oltp,0.0,5.086007531755301,1.0,0.48487091064453125,611.2727272727273
7,326.15052293176234,368.0,663.8,57.9,86.6,27.503766951280774,135777.0,995.5,146.2,0.0,0.0,0.0,12843.2,1010.5,72.21993776037333,70.29965662956238,0.0,0.888105465019198,0.18181818181818182,625.009298324585,1044451700.3636364,0.2524909090909091,217.11182594299316,87775.3,18561.7,2.0,50,"[{'Path': '/dev/sda', 'Rate': 7497318}]",[],"[{'Path': '/dev/sda', 'Rate': 7497318}]",[],512m,nimamahmoudi/oltp-automated,300,http://10.2.6.171/oltp,0.0,5.234733960923058,1.0,0.4983711242675781,656.8
8,663.5197957793434,364.0,660.6,60.8,87.8,27.708187193105516,136207.0,997.9,138.5,0.0,0.0,0.0,12455.2,989.5,72.65106251031276,71.07515406608582,0.0,1.8237750441331317,0.36363636363636365,884.0124607086182,1044711982.5454545,0.2525545454545455,515.8298015594482,86123.5,17057.7,4.0,50,"[{'Path': '/dev/sda', 'Rate': 7497318}]",[],"[{'Path': '/dev/sda', 'Rate': 7497318}]",[],512m,nimamahmoudi/oltp-automated,300,http://10.2.6.171/oltp,0.0,5.121339584597342,1.0,0.49289512634277344,689.2
9,964.3336298631474,374.0,663.9,57.4,90.4,27.141414141414145,136861.5,990.0,140.6,0.0,0.0,0.0,12852.0,1014.4,73.41060233687848,71.27114629745483,0.0,2.578520540326216,0.18181818181818182,1406.9406986236572,1044773794.9090909,0.2525818181818182,290.96531867980957,87666.3,17851.8,6.0,50,"[{'Path': '/dev/sda', 'Rate': 7497318}]",[],"[{'Path': '/dev/sda', 'Rate': 7497318}]",[],512m,nimamahmoudi/oltp-automated,300,http://10.2.6.171/oltp,0.0,5.247565381354837,1.0,0.506500244140625,679.2
